<?xml version="1.0" encoding="utf-8"?>
<extension type="module" version="3.0" client="site" method="upgrade">
	<name>mod_st_promo_image</name>
	<author>Tomasz Herudzinski 7Studio</author>
	<creationDate>12/12/2013</creationDate>
	<copyright>Copyright (C) 2009 - 2014 7Studio Tomasz Herudzinski. All rights reserved.</copyright>
	<authorEmail>info@7studio.eu</authorEmail>
	<authorUrl>www.7studio.eu</authorUrl>
	<version>1.0</version>
	<description>MOD_ST_PROMO_IMAGE_XML_DESCRIPTION</description>
	<files>
		<filename module="mod_st_promo_image">mod_st_promo_image.php</filename>
		<folder>admin</folder>
		<folder>languages</folder>
		<folder>tmpl</folder>
		<filename>index.html</filename>
		<filename>mod_st_promo_image.xml</filename>
	</files>
	<languages>
		<language tag="en-GB">languages/en-GB/en-GB.mod_st_promo_image.ini</language>
		<language tag="en-GB">languages/en-GB/en-GB.mod_st_promo_image.sys.ini</language>
	</languages>
	<config>
		<fields name="params">
			<fieldset name="basic">
				<field name="module_image" type="media" label="MOD_ST_PROMO_MODULE_IMAGE_LABEL" description="MOD_ST_PROMO_MODULE_IMAGE_DESC"/>
				<field name="caption_color" type="list" class="btn-group" default="color" label="MOD_ST_PROMO_MODULE_CAPTION_COLOR_LABEL" description="MOD_ST_PROMO_MODULE_CAPTION_COLOR_DESC">
					<option value="black">black</option>
					<option value="color">color</option>
				</field>
				<field name="module_title" type="text" label="MOD_ST_PROMO_MODULE_TITLE_LABEL" description="MOD_ST_PROMO_MODULE_TITLE_DESC" filter="raw" />
				<field name="module_subtitle" class="" type="text" label="MOD_ST_PROMO_MODULE_SUBTITLE_LABEL" description="MOD_ST_PROMO_MODULE_SUBTITLE_DESC" filter="raw" />	
				<field type="spacer" name="spacer1" hr="true"/>
				<field name="module_url" type="text" label="MOD_ST_PROMO_MODULE_URL_LABEL" description="MOD_ST_PROMO_MODULE_URL_DESC" filter="raw"/>
				<field name="readmore_text" type="text" label="MOD_ST_PROMO_MODULE_READMORETEXT_LABEL" description="MOD_ST_PROMO_MODULE_READMORETEXT_DESC" filter="raw" />
				<field name="link_target" type="list" class="btn-group" default="0" label="MOD_ST_PROMO_MODULE_URL_TARGET_LABEL" description="MOD_ST_PROMO_MODULE_URL_TARGET_DESC">
					<option value="0">JBROWSERTARGET_PARENT</option>
					<option value="1">JBROWSERTARGET_NEW</option>
				</field>	
			</fieldset>
			
			<fieldset name="advanced">
				<field name="layout" type="modulelayout" label="JFIELD_ALT_LAYOUT_LABEL" description="JFIELD_ALT_MODULE_LAYOUT_DESC" />
				<field name="moduleclass_sfx" type="text" label="COM_MODULES_FIELD_MODULECLASS_SFX_LABEL" description="COM_MODULES_FIELD_MODULECLASS_SFX_DESC" />	
				<field name="owncache" type="list" default="1" label="COM_MODULES_FIELD_CACHING_LABEL" description="COM_MODULES_FIELD_CACHING_DESC" >
					<option value="1">JGLOBAL_USE_GLOBAL</option>
					<option value="0">COM_MODULES_FIELD_VALUE_NOCACHING</option>
				</field>
				<field name="cache_time" type="text" default="900" label="COM_MODULES_FIELD_CACHE_TIME_LABEL" description="COM_MODULES_FIELD_CACHE_TIME_DESC" />		
			</fieldset>
		</fields>
	</config>
</extension>
